{
    "name": "root",
    "gauges": {
        "CarBehavior.Policy.Entropy.mean": {
            "value": 0.3438604772090912,
            "min": 0.3076345920562744,
            "max": 0.6248955726623535,
            "count": 162
        },
        "CarBehavior.Environment.EpisodeLength.mean": {
            "value": 51.292929292929294,
            "min": 36.0,
            "max": 98.56,
            "count": 162
        },
        "CarBehavior.IsTraining.mean": {
            "value": 1.0,
            "min": 1.0,
            "max": 1.0,
            "count": 162
        },
        "CarBehavior.Policy.ExtrinsicValueEstimate.mean": {
            "value": 4.25667142868042,
            "min": 2.382516384124756,
            "max": 4.598043918609619,
            "count": 161
        },
        "CarBehavior.Environment.CumulativeReward.mean": {
            "value": 5.483475608257007,
            "min": 2.505507483664486,
            "max": 5.929464335972016,
            "count": 161
        },
        "CarBehavior.Policy.ExtrinsicReward.mean": {
            "value": 5.483475608257007,
            "min": 2.505507483664486,
            "max": 5.929464335972016,
            "count": 161
        },
        "CarBehavior.Losses.PolicyLoss.mean": {
            "value": 0.05381009680277202,
            "min": 0.039755303016863766,
            "max": 0.05973742167116143,
            "count": 161
        },
        "CarBehavior.Losses.ValueLoss.mean": {
            "value": 0.4103313139174134,
            "min": 0.17764317272230984,
            "max": 0.7582619734108448,
            "count": 161
        },
        "CarBehavior.Policy.LearningRate.mean": {
            "value": 6.7123352625575e-05,
            "min": 6.7123352625575e-05,
            "max": 0.00018688008770665002,
            "count": 161
        },
        "CarBehavior.Policy.Epsilon.mean": {
            "value": 0.12237442500000001,
            "min": 0.12237442500000001,
            "max": 0.16229335000000003,
            "count": 161
        },
        "CarBehavior.Policy.Beta.mean": {
            "value": 0.0022452050575,
            "min": 0.0022452050575,
            "max": 0.006233105665000001,
            "count": 161
        }
    },
    "metadata": {
        "timer_format_version": "0.1.0",
        "start_time_seconds": "1731336061",
        "python_version": "3.7.0 (v3.7.0:1bf9cc5093, Jun 27 2018, 04:59:51) [MSC v.1914 64 bit (AMD64)]",
        "command_line_arguments": "C:\\Users\\danid\\AppData\\Local\\Programs\\Python\\Python37\\Scripts\\mlagents-learn SelfParkingTest.yaml --run-id=new_run_id1_nogol_level1 --resume",
        "mlagents_version": "0.22.0",
        "mlagents_envs_version": "0.22.0",
        "communication_protocol_version": "1.2.0",
        "pytorch_version": "1.8.1+cpu",
        "numpy_version": "1.18.5",
        "end_time_seconds": "1731343883"
    },
    "total": 7821.5366419,
    "count": 1,
    "self": 0.26456949999919743,
    "children": {
        "run_training.setup": {
            "total": 0.04906250000000001,
            "count": 1,
            "self": 0.04906250000000001
        },
        "TrainerController.start_learning": {
            "total": 7821.223009900001,
            "count": 1,
            "self": 15.102663499607843,
            "children": {
                "TrainerController._reset_env": {
                    "total": 29.4050087,
                    "count": 1,
                    "self": 29.4050087
                },
                "TrainerController.advance": {
                    "total": 7776.666819900393,
                    "count": 821532,
                    "self": 7.062853000296855,
                    "children": {
                        "env_step": {
                            "total": 7769.603966900097,
                            "count": 821532,
                            "self": 7034.288687500109,
                            "children": {
                                "SubprocessEnvManager._take_step": {
                                    "total": 727.7898644001175,
                                    "count": 821532,
                                    "self": 28.233306200262177,
                                    "children": {
                                        "TorchPolicy.evaluate": {
                                            "total": 699.5565581998553,
                                            "count": 809954,
                                            "self": 116.15155150003534,
                                            "children": {
                                                "TorchPolicy.sample_actions": {
                                                    "total": 583.40500669982,
                                                    "count": 809954,
                                                    "self": 583.40500669982
                                                }
                                            }
                                        }
                                    }
                                },
                                "workers": {
                                    "total": 7.5254149998705095,
                                    "count": 821531,
                                    "self": 0.0,
                                    "children": {
                                        "worker_root": {
                                            "total": 7771.125329199995,
                                            "count": 821531,
                                            "is_parallel": true,
                                            "self": 1356.6414440001581,
                                            "children": {
                                                "steps_from_proto": {
                                                    "total": 0.0002972999999997228,
                                                    "count": 1,
                                                    "is_parallel": true,
                                                    "self": 0.00010940000000303485,
                                                    "children": {
                                                        "_process_vector_observation": {
                                                            "total": 0.00018789999999668794,
                                                            "count": 6,
                                                            "is_parallel": true,
                                                            "self": 0.00018789999999668794
                                                        }
                                                    }
                                                },
                                                "UnityEnvironment.step": {
                                                    "total": 6414.4835878998365,
                                                    "count": 821531,
                                                    "is_parallel": true,
                                                    "self": 56.14136009945287,
                                                    "children": {
                                                        "UnityEnvironment._generate_step_input": {
                                                            "total": 30.736523299895172,
                                                            "count": 821531,
                                                            "is_parallel": true,
                                                            "self": 30.736523299895172
                                                        },
                                                        "communicator.exchange": {
                                                            "total": 6103.696658400407,
                                                            "count": 821531,