{
    "name": "root",
    "gauges": {
        "CarBehavior.Policy.Entropy.mean": {
            "value": 0.31641027331352234,
            "min": 0.2242618203163147,
            "max": 1.3840667009353638,
            "count": 400
        },
        "CarBehavior.Environment.EpisodeLength.mean": {
            "value": 210.69565217391303,
            "min": 53.86516853932584,
            "max": 371.6923076923077,
            "count": 400
        },
        "CarBehavior.Policy.ExtrinsicValueEstimate.mean": {
            "value": 1.5075627565383911,
            "min": -0.1231226995587349,
            "max": 3.3629322052001953,
            "count": 400
        },
        "CarBehavior.Environment.CumulativeReward.mean": {
            "value": 4.817234732210636,
            "min": -1.0248885978545461,
            "max": 5.340330475698346,
            "count": 400
        },
        "CarBehavior.Policy.ExtrinsicReward.mean": {
            "value": 4.817234732210636,
            "min": -1.0248885978545461,
            "max": 5.340330475698346,
            "count": 400
        },
        "CarBehavior.Losses.PolicyLoss.mean": {
            "value": 0.05140464382566279,
            "min": 0.03621731859457213,
            "max": 0.0590361189795658,
            "count": 400
        },
        "CarBehavior.Losses.ValueLoss.mean": {
            "value": 0.15606258693151176,
            "min": 0.0027969836664851755,
            "max": 0.9404435284435749,
            "count": 400
        },
        "CarBehavior.Policy.LearningRate.mean": {
            "value": 2.537499154500164e-07,
            "min": 2.537499154500164e-07,
            "max": 0.00029938395020534997,
            "count": 400
        },
        "CarBehavior.Policy.Epsilon.mean": {
            "value": 0.10008455000000002,
            "min": 0.10008455000000002,
            "max": 0.19979465000000005,
            "count": 400
        },
        "CarBehavior.Policy.Beta.mean": {
            "value": 1.8446545000000542e-05,
            "min": 1.8446545000000542e-05,
            "max": 0.009979485535,
            "count": 400
        },
        "CarBehavior.IsTraining.mean": {
            "value": 1.0,
            "min": 1.0,
            "max": 1.0,
            "count": 400
        }
    },
    "metadata": {
        "timer_format_version": "0.1.0",
        "start_time_seconds": "1731285357",
        "python_version": "3.7.7 (tags/v3.7.7:d7c567b08f, Mar 10 2020, 10:41:24) [MSC v.1900 64 bit (AMD64)]",
        "command_line_arguments": "C:\\Users\\rocco\\AppData\\Local\\Programs\\Python\\Python37\\Scripts\\mlagents-learn SelfParkingTest.yaml --run-id=new_run_id11_manuever_nogol --force",
        "mlagents_version": "0.22.0",
        "mlagents_envs_version": "0.22.0",
        "communication_protocol_version": "1.2.0",
        "pytorch_version": "1.8.1+cpu",
        "numpy_version": "1.18.5",
        "end_time_seconds": "1731305491"
    },
    "total": 20133.078341700002,
    "count": 1,
    "self": 1.2647493000004033,
    "children": {
        "run_training.setup": {
            "total": 0.010759500000000033,
            "count": 1,
            "self": 0.010759500000000033
        },
        "TrainerController.start_learning": {
            "total": 20131.8028329,
            "count": 1,
            "self": 38.52744290007831,
            "children": {
                "TrainerController._reset_env": {
                    "total": 6.1187901,
                    "count": 1,
                    "self": 6.1187901
                },
                "TrainerController.advance": {
                    "total": 20087.075992699924,
                    "count": 2015690,
                    "self": 16.192069099684886,
                    "children": {
                        "env_step": {
                            "total": 20070.88392360024,
                            "count": 2015690,
                            "self": 18031.748142601722,
                            "children": {
                                "SubprocessEnvManager._take_step": {
                                    "total": 2022.0657409993773,
                                    "count": 2015690,
                                    "self": 69.07163139958266,
                                    "children": {
                                        "TorchPolicy.evaluate": {
                                            "total": 1952.9941095997947,
                                            "count": 2000118,
                                            "self": 254.96018709898908,
                                            "children": {
                                                "TorchPolicy.sample_actions": {
                                                    "total": 1698.0339225008056,
                                                    "count": 2000118,
                                                    "self": 1698.0339225008056
                                                }
                                            }
                                        }
                                    }
                                },
                                "workers": {
                                    "total": 17.070039999138658,
                                    "count": 2015690,
                                    "self": 0.0,
                                    "children": {
                                        "worker_root": {
                                            "total": 20080.858703000045,
                                            "count": 2015690,
                                            "is_parallel": true,
                                            "self": 3387.624027299971,
                                            "children": {
                                                "steps_from_proto": {
                                                    "total": 0.0003004999999998148,
                                                    "count": 1,
                                                    "is_parallel": true,
                                                    "self": 0.0001076999999991557,
                                                    "children": {
                                                        "_process_vector_observation": {
                                                            "total": 0.0001928000000006591,
                                                            "count": 6,
                                                            "is_parallel": true,
                                                            "self": 0.0001928000000006591
                                                        }
                                                    }
                                                },
                                                "UnityEnvironment.step": {
                                                    "total": 16693.234375200074,
                                                    "count": 2015690,
                                                    "is_parallel": true,
                                                    "self": 123.13316249893614,
                                                    "children": {
                                                        "UnityEnvironment._generate_step_input": {
                                                            "total": 75.42076980046205,
                                                            "count": 2015690,
                                                            "is_parallel": true,
                                                            "self": 75.42076980046205
                                                        },
                                                        "communicator.exchange": {
                                                            "total": 16069.018981302424,
                                                            "count": 2015690,