{"count":1,"self":1830.1892607999998,"total":4627.775485,"children":{"InitializeActuators":{"count":1,"self":0.0025098,"total":0.0025098,"children":null},"InitializeSensors":{"count":1,"self":0.0009996,"total":0.0009996,"children":null},"AgentSendState":{"count":3845051,"self":16.8905344,"total":321.28200019999997,"children":{"CollectObservations":{"count":769011,"self":3.6346263999999997,"total":3.6346262,"children":null},"CollectDiscreteActionMasks":{"count":769011,"self":0.8305532,"total":0.8305532,"children":null},"RequestDecision":{"count":769011,"self":4.008674,"total":299.9262865,"children":{"AgentInfo.ToProto":{"count":769011,"self":4.2528679999999994,"total":295.91761249999996,"children":{"GenerateSensorData":{"count":769011,"self":245.25708799999998,"total":291.66474439999996,"children":{"RayPerceptionSensor.Perceive":{"count":1538022,"self":46.4076448,"total":46.407645699999996,"children":null}}}}}}}}},"DecideAction":{"count":3845051,"self":2458.8333055999997,"total":2458.8333531999997,"children":null},"AgentAct":{"count":3845051,"self":15.328911999999999,"total":15.565720299999999,"children":{"AgentInfo.ToProto":{"count":666,"self":0,"total":0.23680859999999998,"children":{"GenerateSensorData":{"count":666,"self":0.1995594,"total":0.23680859999999998,"children":{"RayPerceptionSensor.Perceive":{"count":1332,"self":0.037249199999999996,"total":0.037249199999999996,"children":null}}}}}}},"AgentInfo.ToProto":{"count":5448,"self":0.034294,"total":1.9016815,"children":{"GenerateSensorData":{"count":5448,"self":1.6010201,"total":1.8673875,"children":{"RayPerceptionSensor.Perceive":{"count":10896,"self":0.2663674,"total":0.2663674,"children":null}}}}}},"gauges":{"CarBehavior.CumulativeReward":{"count":6114,"max":9.99061,"min":-1.19997215,"runningAverage":3.07523918,"value":4.9916,"weightedAverage":0.6211583}},"metadata":{"timer_format_version":"0.1.0","start_time_seconds":"1730304642","unity_version":"2020.1.1f1","command_line_arguments":"C:\\Program Files\\Unity\\Hub\\Editor\\2020.1.1f1\\Editor\\Unity.exe -projectpath C:\\Users\\rocco\\Prova2 -useHub -hubIPC -cloudEnvironment production -licensingIpc LicenseClient-rocco -hubSessionId 5215f034-8ec7-4d55-9ac4-a4300ae9b743 -accessToken EWIjwR3meiODdZybYBAb-Y373hVh3Yte7meQiy88hDg006f","communication_protocol_version":"1.2.0","com.unity.ml-agents_version":"1.6.0-preview","scene_name":"provaaa","end_time_seconds":"1730309269"}}