{"count":1,"self":4908.8036864,"total":7792.3263207,"children":{"InitializeActuators":{"count":1,"self":0.0019974,"total":0.0019974,"children":null},"InitializeSensors":{"count":1,"self":0.00099509999999999985,"total":0.00099509999999999985,"children":null},"AgentSendState":{"count":4049784,"self":22.777499199999998,"total":266.2112973,"children":{"CollectObservations":{"count":809957,"self":144.5116928,"total":144.5116986,"children":null},"CollectDiscreteActionMasks":{"count":809957,"self":1.1829125999999999,"total":1.1829125999999999,"children":null},"RequestDecision":{"count":809957,"self":4.939366,"total":97.7391864,"children":{"AgentInfo.ToProto":{"count":809957,"self":3.4987568,"total":92.7998205,"children":{"GenerateSensorData":{"count":809957,"self":16.2621312,"total":89.3010639,"children":{"RayPerceptionSensor.Perceive":{"count":1619914,"self":73.0389312,"total":73.038932,"children":null}}}}}}}}},"DecideAction":{"count":4049784,"self":2589.4752255999997,"total":2589.4751566,"children":null},"AgentAct":{"count":4049784,"self":26.31184,"total":26.3794501,"children":{"AgentInfo.ToProto":{"count":623,"self":0.0029998,"total":0.0676107,"children":{"GenerateSensorData":{"count":623,"self":0.0094910999999999988,"total":0.0646109,"children":{"RayPerceptionSensor.Perceive":{"count":1246,"self":0.0551198,"total":0.0551198,"children":null}}}}}}},"AgentInfo.ToProto":{"count":13282,"self":0.0846513,"total":1.4526573999999999,"children":{"GenerateSensorData":{"count":13282,"self":0.24766039999999998,"total":1.3680061,"children":{"RayPerceptionSensor.Perceive":{"count":26564,"self":1.1203456999999999,"total":1.1203456999999999,"children":null}}}}}},"gauges":{"CarBehavior.CumulativeReward":{"count":13905,"max":6.37479973,"min":-11.0832138,"runningAverage":5.095444,"value":6.34859943,"weightedAverage":6.324454}},"metadata":{"timer_format_version":"0.1.0","start_time_seconds":"1731336090","unity_version":"2020.1.1f1","command_line_arguments":"C:\/Program Files\/Unity\/Editor\/Unity.exe -projectpath C:\\Users\\danid\\SelfParkingCar -useHub -hubIPC -cloudEnvironment production -licensingIpc LicenseClient-danid -hubSessionId 3cca6679-ed32-4c4d-9d33-23b2b6676b41 -accessToken xG3rWOqHNPS3nc_5RAz2sB5MBhvHjgQg5Ur0gfhx86Q006f","communication_protocol_version":"1.2.0","com.unity.ml-agents_version":"1.6.0-preview","scene_name":"scena_new_configurazion","end_time_seconds":"1731343882"}}