{
    "name": "root",
    "gauges": {
        "CarBehavior.Policy.Entropy.mean": {
            "value": 0.10340318083763123,
            "min": 0.09891664981842041,
            "max": 0.7105671763420105,
            "count": 324
        },
        "CarBehavior.Environment.EpisodeLength.mean": {
            "value": 30.39240506329114,
            "min": 29.69325153374233,
            "max": 215.1818181818182,
            "count": 324
        },
        "CarBehavior.Policy.ExtrinsicValueEstimate.mean": {
            "value": 5.297411918640137,
            "min": 3.312580108642578,
            "max": 5.314159870147705,
            "count": 324
        },
        "CarBehavior.Environment.CumulativeReward.mean": {
            "value": 6.1243951682803,
            "min": 2.380283052347741,
            "max": 6.161647589583146,
            "count": 324
        },
        "CarBehavior.Policy.ExtrinsicReward.mean": {
            "value": 6.1243951682803,
            "min": 2.380283052347741,
            "max": 6.161647589583146,
            "count": 324
        },
        "CarBehavior.IsTraining.mean": {
            "value": 1.0,
            "min": 1.0,
            "max": 1.0,
            "count": 324
        },
        "CarBehavior.Losses.PolicyLoss.mean": {
            "value": 0.046525860593828836,
            "min": 0.03782509517041035,
            "max": 0.07073561483994126,
            "count": 323
        },
        "CarBehavior.Losses.ValueLoss.mean": {
            "value": 0.004459549074817914,
            "min": 0.0030180893823853693,
            "max": 1.1309957012534142,
            "count": 323
        },
        "CarBehavior.Policy.LearningRate.mean": {
            "value": 4.05249864949993e-07,
            "min": 4.05249864949993e-07,
            "max": 0.000241916494361175,
            "count": 323
        },
        "CarBehavior.Policy.Epsilon.mean": {
            "value": 0.10013505,
            "min": 0.10013505,
            "max": 0.180638825,
            "count": 323
        },
        "CarBehavior.Policy.Beta.mean": {
            "value": 2.3491494999999766e-05,
            "min": 2.3491494999999766e-05,
            "max": 0.0080658186175,
            "count": 323
        }
    },
    "metadata": {
        "timer_format_version": "0.1.0",
        "start_time_seconds": "1730922626",
        "python_version": "3.7.7 (tags/v3.7.7:d7c567b08f, Mar 10 2020, 10:41:24) [MSC v.1900 64 bit (AMD64)]",
        "command_line_arguments": "C:\\Users\\rocco\\AppData\\Local\\Programs\\Python\\Python37\\Scripts\\mlagents-learn SelfParkingTest.yaml --run-id=new_run_id7_manuever --resume",
        "mlagents_version": "0.22.0",
        "mlagents_envs_version": "0.22.0",
        "communication_protocol_version": "1.2.0",
        "pytorch_version": "1.8.1+cpu",
        "numpy_version": "1.18.5",
        "end_time_seconds": "1730930734"
    },
    "total": 8107.8699320999995,
    "count": 1,
    "self": 0.2912259999993694,
    "children": {
        "run_training.setup": {
            "total": 0.02144440000000003,
            "count": 1,
            "self": 0.02144440000000003
        },
        "TrainerController.start_learning": {
            "total": 8107.5572617,
            "count": 1,
            "self": 29.441942799870958,
            "children": {
                "TrainerController._reset_env": {
                    "total": 7.180557,
                    "count": 1,
                    "self": 7.180557
                },
                "TrainerController.advance": {
                    "total": 8070.81362370013,
                    "count": 1656404,
                    "self": 12.856674400131851,
                    "children": {
                        "env_step": {
                            "total": 8057.956949299998,
                            "count": 1656404,
                            "self": 6443.979019600604,
                            "children": {
                                "SubprocessEnvManager._take_step": {
                                    "total": 1600.4346200998039,
                                    "count": 1656404,
                                    "self": 52.43954370023266,
                                    "children": {
                                        "TorchPolicy.evaluate": {
                                            "total": 1547.9950763995712,
                                            "count": 1618997,
                                            "self": 187.71391489913685,
                                            "children": {
                                                "TorchPolicy.sample_actions": {
                                                    "total": 1360.2811615004343,
                                                    "count": 1618997,
                                                    "self": 1360.2811615004343
                                                }
                                            }
                                        }
                                    }
                                },
                                "workers": {
                                    "total": 13.543309599590158,
                                    "count": 1656404,
                                    "self": 0.0,
                                    "children": {
                                        "worker_root": {
                                            "total": 8065.567653299671,
                                            "count": 1656404,
                                            "is_parallel": true,
                                            "self": 2656.896795000006,
                                            "children": {
                                                "steps_from_proto": {
                                                    "total": 0.0003549999999998832,
                                                    "count": 1,
                                                    "is_parallel": true,
                                                    "self": 0.0001246999999979792,
                                                    "children": {
                                                        "_process_vector_observation": {
                                                            "total": 0.00023030000000190398,
                                                            "count": 6,
                                                            "is_parallel": true,
                                                            "self": 0.00023030000000190398
                                                        }
                                                    }
                                                },
                                                "UnityEnvironment.step": {
                                                    "total": 5408.670503299665,
                                                    "count": 1656404,
                                                    "is_parallel": true,
                                                    "self": 91.76705929966465,
                                                    "children": {
                                                        "UnityEnvironment._generate_step_input": {
                                                            "total": 60.34492540027729,
                                                            "count": 1656404,
                                                            "is_parallel": true,
                                                            "self": 60.34492540027729
                                                        },
                                                        "communicator.exchange": {
                                                            "total": 4937.409544499852,
                                                            "count": 1656404,