{
    "name": "root",
    "gauges": {
        "CarBehavior.Policy.Entropy.mean": {
            "value": 0.10949492454528809,
            "min": 0.07359077036380768,
            "max": 1.3806513547897339,
            "count": 327
        },
        "CarBehavior.Policy.ExtrinsicValueEstimate.mean": {
            "value": 4.988512992858887,
            "min": -1.2296031713485718,
            "max": 5.084158420562744,
            "count": 327
        },
        "CarBehavior.Environment.EpisodeLength.mean": {
            "value": 35.65909090909091,
            "min": 31.20886075949367,
            "max": 669.7142857142857,
            "count": 327
        },
        "CarBehavior.Environment.CumulativeReward.mean": {
            "value": 5.812689104872028,
            "min": -5.79017734196451,
            "max": 5.966248019100869,
            "count": 327
        },
        "CarBehavior.Policy.ExtrinsicReward.mean": {
            "value": 5.812689104872028,
            "min": -5.79017734196451,
            "max": 5.966248019100869,
            "count": 327
        },
        "CarBehavior.Losses.PolicyLoss.mean": {
            "value": 0.05258318081032485,
            "min": 0.03772399878362194,
            "max": 0.11164465661277063,
            "count": 327
        },
        "CarBehavior.Losses.ValueLoss.mean": {
            "value": 0.09431153135374189,
            "min": 0.0015891177481535124,
            "max": 1.3814771868288518,
            "count": 327
        },
        "CarBehavior.Policy.LearningRate.mean": {
            "value": 5.4885231704950013e-05,
            "min": 5.4885231704950013e-05,
            "max": 0.00029937495020835003,
            "count": 327
        },
        "CarBehavior.Policy.Epsilon.mean": {
            "value": 0.11829504999999998,
            "min": 0.11829504999999998,
            "max": 0.19979165000000004,
            "count": 327
        },
        "CarBehavior.Policy.Beta.mean": {
            "value": 0.0018376754950000002,
            "min": 0.0018376754950000002,
            "max": 0.009979185835,
            "count": 327
        },
        "CarBehavior.IsTraining.mean": {
            "value": 1.0,
            "min": 1.0,
            "max": 1.0,
            "count": 327
        }
    },
    "metadata": {
        "timer_format_version": "0.1.0",
        "start_time_seconds": "1730747219",
        "python_version": "3.7.7 (tags/v3.7.7:d7c567b08f, Mar 10 2020, 10:41:24) [MSC v.1900 64 bit (AMD64)]",
        "command_line_arguments": "C:\\Users\\rocco\\AppData\\Local\\Programs\\Python\\Python37\\Scripts\\mlagents-learn SelfParkingTest.yaml --run-id=new_run_id6_manuever --force",
        "mlagents_version": "0.22.0",
        "mlagents_envs_version": "0.22.0",
        "communication_protocol_version": "1.2.0",
        "pytorch_version": "1.8.1+cpu",
        "numpy_version": "1.18.5",
        "end_time_seconds": "1730756953"
    },
    "total": 9734.060303999999,
    "count": 1,
    "self": 0.3151687999979913,
    "children": {
        "run_training.setup": {
            "total": 0.011850700000000103,
            "count": 1,
            "self": 0.011850700000000103
        },
        "TrainerController.start_learning": {
            "total": 9733.7332845,
            "count": 1,
            "self": 30.65029680115549,
            "children": {
                "TrainerController._reset_env": {
                    "total": 9.426017799999999,
                    "count": 1,
                    "self": 9.426017799999999
                },
                "TrainerController.advance": {
                    "total": 9693.583113598843,
                    "count": 1669690,
                    "self": 13.766881499459487,
                    "children": {
                        "env_step": {
                            "total": 9679.816232099383,
                            "count": 1669690,
                            "self": 8054.152876299461,
                            "children": {
                                "SubprocessEnvManager._take_step": {
                                    "total": 1611.4561697005588,
                                    "count": 1669690,
                                    "self": 53.97581970083775,
                                    "children": {
                                        "TorchPolicy.evaluate": {
                                            "total": 1557.480349999721,
                                            "count": 1639904,
                                            "self": 195.89213859985307,
                                            "children": {
                                                "TorchPolicy.sample_actions": {
                                                    "total": 1361.588211399868,
                                                    "count": 1639904,
                                                    "self": 1361.588211399868
                                                }
                                            }
                                        }
                                    }
                                },
                                "workers": {
                                    "total": 14.20718609936332,
                                    "count": 1669689,
                                    "self": 0.0,
                                    "children": {
                                        "worker_root": {
                                            "total": 9686.238183299734,
                                            "count": 1669689,
                                            "is_parallel": true,
                                            "self": 2724.77205279995,
                                            "children": {
                                                "steps_from_proto": {
                                                    "total": 0.0005860999999995897,
                                                    "count": 1,
                                                    "is_parallel": true,
                                                    "self": 0.0002155999999970959,
                                                    "children": {
                                                        "_process_vector_observation": {
                                                            "total": 0.00037050000000249383,
                                                            "count": 6,
                                                            "is_parallel": true,
                                                            "self": 0.00037050000000249383
                                                        }
                                                    }
                                                },
                                                "UnityEnvironment.step": {
                                                    "total": 6961.465544399784,
                                                    "count": 1669689,
                                                    "is_parallel": true,
                                                    "self": 93.88769020023483,
                                                    "children": {
                                                        "UnityEnvironment._generate_step_input": {
                                                            "total": 62.15386529897904,
                                                            "count": 1669689,
                                                            "is_parallel": true,
                                                            "self": 62.15386529897904
                                                        },
                                                        "communicator.exchange": {
                                                            "total": 6480.552385099732,
                                                            "count": 1669689,